               epoch,      train/box_loss,      train/obj_loss,      train/cls_loss,   metrics/precision,      metrics/recall,     metrics/mAP_0.5,metrics/mAP_0.5:0.95,        val/box_loss,        val/obj_loss,        val/cls_loss,               x/lr0,               x/lr1,               x/lr2
                   0,             0.08541,            0.048253,            0.056363,             0.84633,             0.13723,             0.13494,             0.05337,            0.066698,            0.066548,            0.036446,            0.070149,           0.0033167,           0.0033167
                   1,            0.065883,             0.03893,            0.036233,             0.71638,             0.19017,             0.16364,            0.073302,            0.061611,            0.062062,            0.028271,            0.040116,           0.0066172,           0.0066172
                   2,            0.061327,            0.036512,            0.030436,             0.68714,             0.26602,             0.23185,             0.11323,            0.056774,            0.060447,            0.024359,             0.01005,           0.0098846,           0.0098846
                   3,            0.053759,            0.035658,            0.027209,             0.88604,             0.26556,             0.33642,             0.18741,            0.045526,            0.058457,            0.021972,           0.0098515,           0.0098515,           0.0098515
                   4,            0.047733,            0.034448,            0.024168,             0.78911,             0.34063,             0.39145,             0.23968,            0.038313,            0.057583,            0.020963,           0.0098515,           0.0098515,           0.0098515
                   5,            0.044248,            0.033517,            0.021417,             0.86512,             0.38096,             0.43413,             0.26844,            0.038235,            0.056325,            0.018922,            0.009802,            0.009802,            0.009802
                   6,            0.042202,            0.032873,            0.019619,               0.862,             0.38246,             0.45124,             0.28889,            0.036364,            0.056265,            0.018297,           0.0097525,           0.0097525,           0.0097525
                   7,            0.040728,            0.031989,            0.018509,             0.88304,              0.4008,             0.47614,             0.31742,            0.035886,             0.05671,            0.017073,            0.009703,            0.009703,            0.009703
                   8,            0.039164,            0.031927,            0.017247,             0.80367,             0.46481,             0.50331,             0.32903,            0.034313,            0.055399,            0.016833,           0.0096535,           0.0096535,           0.0096535
                   9,            0.039097,            0.031749,            0.016514,             0.82243,             0.44617,             0.50348,             0.33436,            0.033774,            0.054829,            0.016809,            0.009604,            0.009604,            0.009604
                  10,            0.037886,            0.031486,            0.016049,             0.77086,              0.4766,             0.50099,             0.33532,            0.032979,            0.055489,            0.017906,           0.0095545,           0.0095545,           0.0095545
                  11,            0.037352,             0.03057,            0.015567,              0.8488,             0.46646,             0.51687,             0.34573,            0.032604,            0.054661,            0.016371,            0.009505,            0.009505,            0.009505
                  12,            0.036418,            0.031327,            0.015288,             0.82256,             0.47413,             0.50609,             0.34729,            0.032135,            0.054238,            0.015612,           0.0094555,           0.0094555,           0.0094555
                  13,            0.036249,            0.030774,            0.015143,             0.84021,              0.4537,             0.52499,             0.36381,            0.031937,            0.054507,            0.015603,            0.009406,            0.009406,            0.009406
                  14,            0.035601,            0.030751,            0.014666,             0.80813,             0.46763,             0.51933,             0.35831,            0.032036,            0.054938,            0.015822,           0.0093565,           0.0093565,           0.0093565
                  15,             0.03547,            0.029536,             0.01448,             0.83932,             0.46867,             0.51613,             0.34997,            0.031125,            0.053486,            0.016056,            0.009307,            0.009307,            0.009307
                  16,            0.034813,            0.030521,            0.014246,             0.82477,             0.46502,             0.50853,              0.3603,            0.030368,            0.053056,            0.015558,           0.0092575,           0.0092575,           0.0092575
                  17,            0.034588,            0.029554,            0.013745,             0.82853,             0.46872,              0.5087,             0.36085,            0.030757,            0.054108,            0.015037,            0.009208,            0.009208,            0.009208
                  18,            0.034241,            0.029497,            0.013563,             0.79374,             0.45639,             0.48504,             0.33156,             0.03033,            0.054884,            0.017185,           0.0091585,           0.0091585,           0.0091585
                  19,            0.033548,            0.029198,            0.013159,             0.76526,             0.46558,             0.50514,             0.35828,              0.0302,            0.053898,            0.016332,            0.009109,            0.009109,            0.009109
                  20,            0.033443,            0.028846,            0.012859,             0.76215,             0.48439,             0.52453,             0.36189,            0.030222,            0.053329,            0.016257,           0.0090595,           0.0090595,           0.0090595
                  21,             0.03341,            0.028842,            0.012636,             0.74268,             0.50309,             0.52726,             0.37376,             0.02952,            0.052297,            0.015013,             0.00901,             0.00901,             0.00901
                  22,            0.032948,            0.028586,             0.01286,             0.78913,             0.47034,             0.49998,             0.35307,            0.030412,            0.053255,            0.016524,           0.0089605,           0.0089605,           0.0089605
                  23,            0.032534,            0.028267,            0.012394,             0.84997,             0.49659,              0.5377,             0.37267,            0.030302,             0.05262,            0.014381,            0.008911,            0.008911,            0.008911
                  24,            0.032095,            0.027837,            0.012116,             0.70719,             0.48426,             0.50991,             0.37058,            0.029012,            0.053475,            0.015746,           0.0088615,           0.0088615,           0.0088615
                  25,            0.032171,            0.028589,            0.012058,             0.68801,             0.48755,             0.52244,             0.36856,            0.029736,            0.054804,            0.015204,            0.008812,            0.008812,            0.008812
                  26,            0.031762,            0.027552,            0.011877,             0.67749,             0.55814,             0.56155,             0.39308,            0.028685,            0.052428,            0.014046,           0.0087625,           0.0087625,           0.0087625
                  27,             0.03147,            0.027692,            0.011628,             0.73846,             0.50098,             0.54691,             0.39198,            0.029176,            0.052833,            0.014134,            0.008713,            0.008713,            0.008713
                  28,            0.030708,            0.028113,            0.011562,             0.72366,             0.50986,             0.55029,             0.39523,            0.028328,            0.052357,              0.0141,           0.0086635,           0.0086635,           0.0086635
                  29,             0.03147,            0.028161,             0.01135,             0.78226,             0.48589,             0.54319,             0.38392,            0.028775,            0.051975,            0.015055,            0.008614,            0.008614,            0.008614
                  30,              0.0311,              0.0278,            0.011166,             0.67868,             0.49652,             0.53967,             0.38713,            0.028477,            0.053655,            0.014074,           0.0085645,           0.0085645,           0.0085645
                  31,             0.03105,            0.027582,            0.011419,             0.77199,             0.49233,             0.52509,             0.37734,            0.028285,            0.051552,            0.015778,            0.008515,            0.008515,            0.008515
                  32,            0.030673,            0.028078,            0.011064,             0.75893,             0.48386,             0.54933,             0.39599,            0.028306,            0.051433,            0.014608,           0.0084655,           0.0084655,           0.0084655
                  33,            0.030635,            0.027275,             0.01096,             0.73166,             0.48588,              0.5179,             0.38081,            0.027838,            0.051752,            0.014327,            0.008416,            0.008416,            0.008416
                  34,              0.0303,             0.02723,            0.011006,             0.84118,             0.48971,             0.53893,             0.38941,            0.027743,            0.051634,             0.01409,           0.0083665,           0.0083665,           0.0083665
                  35,             0.02941,            0.026564,            0.010591,             0.76397,              0.4906,             0.55139,             0.39394,            0.027699,            0.051957,            0.013644,            0.008317,            0.008317,            0.008317
                  36,            0.029565,            0.026754,            0.010631,             0.72083,             0.52418,             0.54141,             0.39398,            0.027811,            0.052034,            0.013935,           0.0082675,           0.0082675,           0.0082675
                  37,            0.029863,            0.026567,            0.010488,             0.81834,             0.48494,             0.54153,             0.40052,            0.027868,            0.052509,            0.013573,            0.008218,            0.008218,            0.008218
                  38,            0.029875,            0.026907,            0.010535,             0.70594,             0.53677,             0.53435,             0.38109,            0.028043,            0.052677,            0.014176,           0.0081685,           0.0081685,           0.0081685
                  39,            0.029646,            0.026844,            0.010516,             0.53696,             0.51736,             0.50976,             0.37922,            0.027349,            0.051357,            0.014458,            0.008119,            0.008119,            0.008119
                  40,            0.028784,            0.026438,            0.010267,             0.67711,              0.4704,             0.52346,               0.387,            0.027418,            0.053187,            0.013977,           0.0080695,           0.0080695,           0.0080695
                  41,            0.029508,            0.026292,            0.010348,              0.6563,             0.46202,             0.52094,              0.3869,            0.027392,            0.052179,            0.013489,             0.00802,             0.00802,             0.00802
                  42,            0.029435,            0.026735,            0.010298,             0.86653,             0.47103,             0.53512,             0.39625,            0.027318,            0.052634,            0.013129,           0.0079705,           0.0079705,           0.0079705
                  43,            0.028903,            0.025824,            0.010007,             0.66598,             0.55609,             0.56297,             0.40486,            0.027112,            0.050998,             0.01312,            0.007921,            0.007921,            0.007921
                  44,             0.02857,             0.02569,           0.0098863,             0.68954,              0.4859,              0.5188,             0.38692,            0.027074,            0.051774,            0.014565,           0.0078715,           0.0078715,           0.0078715
                  45,            0.028773,            0.025987,            0.010069,             0.74009,             0.49055,             0.55409,             0.40757,            0.027135,            0.052192,            0.013498,            0.007822,            0.007822,            0.007822
                  46,            0.028631,            0.025789,           0.0097011,             0.62989,             0.55286,             0.56557,              0.4098,            0.026855,            0.050764,            0.013773,           0.0077725,           0.0077725,           0.0077725
                  47,            0.027955,            0.025161,            0.009893,              0.7472,             0.48322,             0.51197,             0.37401,            0.027588,            0.052337,            0.016058,            0.007723,            0.007723,            0.007723
                  48,            0.027964,            0.025507,           0.0097982,              0.7391,             0.48659,             0.54486,             0.40485,            0.026904,            0.051411,            0.013775,           0.0076735,           0.0076735,           0.0076735
                  49,            0.028261,            0.025217,            0.009763,              0.6794,             0.49527,             0.55575,             0.40452,            0.026841,            0.051852,            0.014251,            0.007624,            0.007624,            0.007624
                  50,            0.028081,            0.025349,           0.0096967,             0.69202,             0.52609,             0.55147,             0.40728,            0.026637,            0.051434,            0.014314,           0.0075745,           0.0075745,           0.0075745
                  51,            0.028036,            0.025442,           0.0096475,              0.6866,             0.48449,             0.53626,             0.39301,            0.026586,            0.050842,            0.015127,            0.007525,            0.007525,            0.007525
                  52,            0.027954,            0.025043,           0.0095831,             0.71453,             0.49775,             0.53422,             0.39123,            0.026817,            0.051598,            0.014732,           0.0074755,           0.0074755,           0.0074755
                  53,            0.027514,            0.025176,           0.0091769,             0.70364,              0.4761,             0.54595,             0.40067,            0.026737,            0.052136,            0.014179,            0.007426,            0.007426,            0.007426
                  54,            0.027494,            0.025446,           0.0093112,             0.68434,             0.52291,             0.55373,               0.406,             0.02651,            0.051232,             0.01369,           0.0073765,           0.0073765,           0.0073765
                  55,            0.027595,            0.024793,           0.0094269,             0.64524,             0.52755,             0.53319,             0.38812,            0.026859,            0.052893,            0.015006,            0.007327,            0.007327,            0.007327
                  56,            0.027829,            0.025734,           0.0093512,              0.7326,             0.48979,             0.53258,             0.39144,            0.026648,            0.051889,            0.014835,           0.0072775,           0.0072775,           0.0072775
                  57,            0.027405,            0.025286,            0.009107,             0.76875,             0.52715,             0.55367,             0.40203,            0.026743,            0.051817,            0.013697,            0.007228,            0.007228,            0.007228
                  58,            0.027575,            0.025312,           0.0091151,             0.71175,             0.49709,             0.55131,             0.40395,            0.026577,            0.052471,            0.013918,           0.0071785,           0.0071785,           0.0071785
                  59,            0.027121,            0.024833,           0.0091817,              0.7108,             0.49417,              0.5429,              0.4012,            0.026453,            0.052469,             0.01364,            0.007129,            0.007129,            0.007129
                  60,            0.027366,            0.024853,           0.0090209,             0.76378,             0.48408,             0.54656,             0.40475,            0.026357,            0.051313,            0.013922,           0.0070795,           0.0070795,           0.0070795
                  61,            0.027129,            0.024595,           0.0089082,             0.67263,             0.49242,             0.54338,             0.40621,            0.026461,             0.05172,            0.013659,             0.00703,             0.00703,             0.00703
                  62,            0.027186,            0.024975,           0.0089373,             0.68513,             0.49377,             0.53875,              0.4051,            0.026221,            0.050859,            0.013541,           0.0069805,           0.0069805,           0.0069805
                  63,            0.026862,            0.024294,            0.008897,             0.71079,               0.496,             0.55219,             0.40556,            0.026194,            0.051617,            0.013501,            0.006931,            0.006931,            0.006931
                  64,            0.027071,            0.024697,           0.0087028,             0.72102,             0.48381,             0.54931,             0.40398,            0.026318,            0.051626,             0.01339,           0.0068815,           0.0068815,           0.0068815
                  65,            0.027009,            0.024945,           0.0087857,             0.64815,             0.52679,             0.56337,              0.4149,            0.026023,            0.050207,            0.013214,            0.006832,            0.006832,            0.006832
                  66,            0.026627,            0.024234,           0.0089199,             0.71014,             0.48604,             0.55805,             0.41026,            0.026239,            0.051166,            0.013383,           0.0067825,           0.0067825,           0.0067825
                  67,            0.026531,            0.024759,           0.0087965,             0.64386,              0.4948,             0.55147,             0.40942,            0.026001,            0.050782,            0.013253,            0.006733,            0.006733,            0.006733
                  68,            0.026686,            0.024489,           0.0087926,             0.59573,             0.51628,              0.5479,             0.40291,            0.026024,            0.051059,            0.014212,           0.0066835,           0.0066835,           0.0066835
                  69,            0.026429,            0.024324,           0.0087001,              0.6424,             0.50821,             0.53833,             0.39881,            0.025992,            0.050007,            0.015019,            0.006634,            0.006634,            0.006634
                  70,            0.026432,            0.024458,           0.0083974,              0.7275,             0.49836,             0.55774,             0.41283,            0.026022,            0.050925,            0.013394,           0.0065845,           0.0065845,           0.0065845
                  71,            0.026018,            0.023695,           0.0087275,             0.67024,             0.52913,             0.55527,             0.41202,            0.026188,            0.051895,            0.013682,            0.006535,            0.006535,            0.006535
                  72,            0.026147,            0.023676,           0.0086074,             0.79075,             0.51784,             0.56587,             0.41418,            0.026042,            0.052204,            0.013235,           0.0064855,           0.0064855,           0.0064855
                  73,            0.026142,            0.023919,           0.0085112,             0.64981,             0.53319,             0.56164,             0.41926,            0.026092,            0.052168,            0.013096,            0.006436,            0.006436,            0.006436
                  74,            0.025886,            0.023601,           0.0082047,             0.58125,             0.53592,             0.55677,             0.41443,            0.025986,            0.050799,            0.013514,           0.0063865,           0.0063865,           0.0063865
                  75,            0.025857,            0.024079,           0.0082751,             0.63098,             0.50263,             0.54791,             0.40602,             0.02576,            0.051803,            0.014075,            0.006337,            0.006337,            0.006337
                  76,              0.0258,            0.023735,           0.0081223,             0.65879,             0.48173,             0.54006,             0.40148,            0.025915,            0.052375,            0.013444,           0.0062875,           0.0062875,           0.0062875
                  77,            0.025642,            0.023305,           0.0081783,             0.56496,             0.51955,              0.5416,             0.40354,             0.02576,            0.051799,            0.014263,            0.006238,            0.006238,            0.006238
                  78,             0.02564,            0.023398,           0.0081935,             0.68862,             0.52043,              0.5601,             0.40903,             0.02608,            0.052835,            0.013594,           0.0061885,           0.0061885,           0.0061885
                  79,            0.025631,             0.02368,           0.0081393,             0.61299,             0.55912,             0.56256,             0.41086,            0.025792,             0.05038,            0.012892,            0.006139,            0.006139,            0.006139
                  80,            0.025514,            0.023289,           0.0080865,             0.64209,             0.49269,             0.55282,             0.41297,             0.02574,            0.052094,            0.013275,           0.0060895,           0.0060895,           0.0060895
                  81,             0.02558,            0.023464,           0.0080695,             0.55276,             0.52683,             0.55706,             0.41283,            0.025698,            0.051505,            0.013965,             0.00604,             0.00604,             0.00604
                  82,            0.025772,            0.023345,           0.0080582,             0.75302,             0.51488,             0.55529,              0.4134,            0.025789,            0.051683,             0.01424,           0.0059905,           0.0059905,           0.0059905
                  83,             0.02517,            0.022946,           0.0080927,             0.64721,             0.48474,             0.53654,              0.4044,            0.025709,            0.051245,            0.014176,            0.005941,            0.005941,            0.005941
                  84,            0.025221,            0.022929,           0.0081642,             0.68949,             0.50194,             0.57156,             0.41959,            0.025548,            0.049963,            0.013736,           0.0058915,           0.0058915,           0.0058915
                  85,            0.025398,            0.023327,           0.0080061,             0.60138,             0.50278,             0.54928,             0.40996,            0.025513,            0.052003,            0.014098,            0.005842,            0.005842,            0.005842
                  86,            0.025372,            0.023044,           0.0080206,             0.66292,             0.50528,             0.53173,              0.3931,            0.025548,            0.050983,            0.015497,           0.0057925,           0.0057925,           0.0057925
                  87,            0.025252,            0.023408,           0.0079767,             0.75305,             0.49171,             0.53977,             0.39906,            0.025584,            0.051381,            0.015012,            0.005743,            0.005743,            0.005743
                  88,             0.02495,            0.023233,           0.0080079,             0.80479,             0.49893,             0.56661,             0.42082,            0.025398,            0.050578,            0.013461,           0.0056935,           0.0056935,           0.0056935
                  89,            0.025287,            0.022963,            0.007857,             0.78781,             0.47368,             0.53194,             0.40352,            0.025605,            0.052919,             0.01435,            0.005644,            0.005644,            0.005644
                  90,            0.025201,             0.02302,            0.007895,             0.68067,             0.50093,             0.53776,             0.40626,            0.025601,            0.052453,            0.013882,           0.0055945,           0.0055945,           0.0055945
                  91,            0.024537,            0.022987,            0.007659,             0.59023,             0.46136,               0.521,             0.39598,            0.025334,            0.050444,            0.014386,            0.005545,            0.005545,            0.005545
                  92,            0.024931,            0.023064,           0.0078298,             0.62958,             0.48195,             0.54914,             0.40865,            0.025265,             0.05073,            0.014583,           0.0054955,           0.0054955,           0.0054955
                  93,            0.025027,            0.023004,           0.0078997,             0.82086,             0.49842,             0.53884,             0.40715,             0.02528,             0.05113,             0.01381,            0.005446,            0.005446,            0.005446
                  94,            0.024653,            0.022718,           0.0078951,             0.75729,             0.48262,              0.5252,             0.40305,            0.025326,            0.051203,            0.014061,           0.0053965,           0.0053965,           0.0053965
                  95,            0.024308,            0.022274,           0.0076297,              0.6706,             0.52689,             0.55292,             0.42134,            0.025165,            0.050514,             0.01321,            0.005347,            0.005347,            0.005347
                  96,            0.024634,            0.023036,           0.0075986,             0.62157,             0.54319,             0.54875,              0.4119,            0.025306,            0.051234,            0.013823,           0.0052975,           0.0052975,           0.0052975
                  97,            0.024775,            0.022964,           0.0075285,             0.56024,             0.53717,             0.53751,             0.40249,            0.025415,            0.052155,            0.013965,            0.005248,            0.005248,            0.005248
                  98,            0.024562,            0.022522,           0.0076255,             0.53414,             0.54029,             0.54407,              0.4025,            0.025382,            0.052253,            0.014209,           0.0051985,           0.0051985,           0.0051985
                  99,            0.024581,            0.022415,           0.0076118,             0.60657,              0.5258,             0.55711,              0.4152,            0.025291,            0.051016,            0.013634,            0.005149,            0.005149,            0.005149
                 100,            0.024127,            0.022409,           0.0075711,             0.62399,             0.52401,             0.56299,             0.41476,            0.025388,            0.051951,            0.013631,           0.0050995,           0.0050995,           0.0050995
                 101,            0.024249,            0.022327,           0.0076068,             0.63217,             0.50642,             0.55035,             0.41244,            0.025418,            0.051863,            0.013421,             0.00505,             0.00505,             0.00505
                 102,            0.024382,            0.022603,           0.0074953,             0.55839,             0.51274,             0.54247,             0.40757,            0.025272,             0.05144,            0.013645,           0.0050005,           0.0050005,           0.0050005
                 103,            0.024095,            0.021951,            0.007415,             0.70618,             0.48888,             0.54167,             0.40639,            0.025281,            0.051832,            0.013582,            0.004951,            0.004951,            0.004951
                 104,             0.02402,            0.022165,           0.0073006,             0.62318,             0.49257,             0.55688,             0.41792,            0.025245,            0.051709,            0.013532,           0.0049015,           0.0049015,           0.0049015
                 105,            0.024163,             0.02258,           0.0073942,             0.54591,             0.56692,                0.55,             0.42038,            0.025249,            0.051666,             0.01423,            0.004852,            0.004852,            0.004852
                 106,            0.023954,            0.022498,           0.0074079,             0.53724,             0.54976,             0.54225,             0.41067,              0.0252,            0.051477,            0.014703,           0.0048025,           0.0048025,           0.0048025
                 107,             0.02371,            0.022106,           0.0072621,             0.72914,             0.50149,             0.55237,             0.41743,            0.025212,            0.051403,            0.013716,            0.004753,            0.004753,            0.004753
                 108,            0.023878,            0.021911,            0.007388,             0.57863,             0.56171,             0.56512,             0.42209,            0.025218,            0.051472,            0.013672,           0.0047035,           0.0047035,           0.0047035
                 109,            0.023653,            0.022516,           0.0072286,             0.66367,             0.49057,             0.54989,             0.41123,            0.025199,            0.051959,            0.014135,            0.004654,            0.004654,            0.004654
                 110,            0.023758,            0.022036,           0.0073663,             0.62303,             0.53995,             0.55725,             0.42205,            0.025145,            0.052154,             0.01368,           0.0046045,           0.0046045,           0.0046045
                 111,            0.023727,            0.021833,           0.0072254,             0.59493,             0.53909,             0.54295,             0.41027,            0.025134,            0.052059,            0.014615,            0.004555,            0.004555,            0.004555
                 112,            0.023744,            0.022007,           0.0073779,             0.59147,              0.5077,             0.55057,             0.41439,            0.025216,            0.051793,            0.014299,           0.0045055,           0.0045055,           0.0045055
                 113,            0.023368,             0.02183,            0.007057,             0.52233,             0.56574,             0.55002,             0.41679,            0.025139,            0.051805,            0.013753,            0.004456,            0.004456,            0.004456
                 114,            0.023275,            0.021748,           0.0071545,             0.65937,             0.50098,               0.556,              0.4198,            0.025115,            0.051424,            0.013757,           0.0044065,           0.0044065,           0.0044065
                 115,            0.023689,            0.021675,           0.0071961,             0.68976,             0.47822,              0.5458,             0.41411,              0.0251,            0.051626,            0.013773,            0.004357,            0.004357,            0.004357
                 116,            0.023376,            0.021734,           0.0070792,             0.67285,             0.49815,             0.54132,             0.41008,            0.025088,            0.051516,             0.01432,           0.0043075,           0.0043075,           0.0043075
                 117,            0.023487,            0.021749,           0.0072016,             0.61969,             0.52042,             0.54927,             0.41083,            0.025042,             0.05226,            0.013838,            0.004258,            0.004258,            0.004258
                 118,            0.023215,            0.021358,           0.0070485,             0.62298,             0.51938,             0.53699,             0.40817,            0.025082,            0.052474,            0.014065,           0.0042085,           0.0042085,           0.0042085
                 119,            0.023298,            0.021664,           0.0071183,             0.75779,             0.49013,             0.53755,             0.40355,            0.025097,            0.051988,              0.0146,            0.004159,            0.004159,            0.004159
                 120,            0.023246,            0.021734,           0.0069836,             0.60987,             0.53769,             0.53515,             0.40652,            0.024995,            0.051513,            0.014634,           0.0041095,           0.0041095,           0.0041095
                 121,            0.023059,            0.020652,           0.0070298,             0.61335,             0.51747,             0.53176,             0.40307,             0.02507,            0.051762,            0.014396,             0.00406,             0.00406,             0.00406
                 122,            0.022987,            0.021187,           0.0070049,             0.66333,             0.50411,             0.53697,             0.40635,            0.025095,            0.052509,             0.01476,           0.0040105,           0.0040105,           0.0040105
                 123,            0.022912,            0.021106,           0.0070761,             0.67066,             0.48833,             0.53685,             0.40712,            0.025112,            0.052026,            0.014385,            0.003961,            0.003961,            0.003961
                 124,            0.022807,             0.02148,           0.0069273,             0.59155,                0.54,              0.5311,             0.40475,            0.024919,            0.051823,            0.014499,           0.0039115,           0.0039115,           0.0039115
                 125,            0.022914,             0.02107,           0.0068998,             0.65666,             0.50025,             0.54173,             0.41001,            0.024923,            0.051955,            0.014774,            0.003862,            0.003862,            0.003862
                 126,            0.022753,            0.021096,           0.0068817,             0.67466,             0.48847,             0.54843,             0.41444,             0.02482,            0.051497,            0.014486,           0.0038125,           0.0038125,           0.0038125
                 127,            0.022932,            0.020598,           0.0067705,             0.61678,             0.49477,               0.526,             0.40126,            0.024889,            0.052544,            0.014853,            0.003763,            0.003763,            0.003763
                 128,            0.022528,            0.020989,           0.0069461,             0.58452,             0.51075,             0.53944,             0.41174,            0.024898,            0.052642,            0.014228,           0.0037135,           0.0037135,           0.0037135
                 129,            0.022714,            0.021468,           0.0068746,             0.62122,             0.52023,             0.53667,             0.40897,            0.024746,            0.051576,            0.014996,            0.003664,            0.003664,            0.003664
                 130,            0.022828,            0.021301,            0.006945,             0.64764,              0.4967,             0.53605,             0.40679,            0.024839,            0.052531,            0.014546,           0.0036145,           0.0036145,           0.0036145
                 131,            0.022581,            0.021009,           0.0068569,             0.71939,             0.51324,             0.53564,             0.40712,            0.024779,            0.051375,            0.014641,            0.003565,            0.003565,            0.003565
                 132,            0.022661,            0.021189,           0.0070226,             0.64241,             0.51575,             0.54362,             0.41071,            0.024838,            0.051315,             0.01468,           0.0035155,           0.0035155,           0.0035155
                 133,            0.022231,            0.020654,           0.0066646,             0.70382,             0.50012,             0.54484,             0.40815,             0.02481,            0.051541,            0.015113,            0.003466,            0.003466,            0.003466
                 134,            0.022344,            0.020984,           0.0069201,             0.56833,             0.52446,             0.53175,             0.40329,            0.024896,            0.052266,            0.015529,           0.0034165,           0.0034165,           0.0034165
                 135,            0.022254,            0.020884,           0.0067129,             0.59745,             0.51481,             0.53459,              0.4095,            0.024918,            0.052155,            0.014916,            0.003367,            0.003367,            0.003367
                 136,            0.022322,            0.020965,           0.0069384,             0.62634,             0.51334,             0.54066,              0.4122,            0.024881,            0.051928,            0.014709,           0.0033175,           0.0033175,           0.0033175
                 137,            0.022308,            0.020973,           0.0066063,             0.70813,             0.51425,             0.54702,             0.41406,            0.024893,            0.051775,            0.014463,            0.003268,            0.003268,            0.003268
                 138,            0.022042,            0.020785,           0.0066174,             0.72364,             0.50871,             0.54424,             0.41259,            0.024859,            0.052067,            0.014588,           0.0032185,           0.0032185,           0.0032185
                 139,            0.021948,            0.020489,           0.0067031,             0.75783,             0.48729,             0.54592,             0.41259,            0.024827,            0.052703,            0.014316,            0.003169,            0.003169,            0.003169
                 140,            0.022156,            0.021006,            0.006665,             0.57157,             0.54823,             0.54792,             0.41206,            0.024822,            0.052047,            0.014602,           0.0031195,           0.0031195,           0.0031195
                 141,             0.02222,            0.021097,            0.006748,             0.63322,              0.5426,             0.54162,             0.40749,            0.024923,            0.052215,            0.014686,             0.00307,             0.00307,             0.00307
                 142,            0.021811,             0.02034,           0.0066518,             0.68946,             0.50435,             0.53026,             0.40204,            0.024925,            0.052596,            0.015061,           0.0030205,           0.0030205,           0.0030205
                 143,            0.022057,            0.020624,           0.0068614,             0.73575,             0.49024,             0.53012,             0.40256,            0.024904,            0.052537,            0.015411,            0.002971,            0.002971,            0.002971
                 144,            0.021996,            0.019959,           0.0064732,             0.62627,             0.51271,             0.52969,             0.40636,             0.02491,             0.05279,            0.015091,           0.0029215,           0.0029215,           0.0029215
                 145,            0.022007,             0.02035,           0.0064904,             0.60365,             0.50852,             0.52623,              0.4039,            0.024866,            0.052899,            0.014742,            0.002872,            0.002872,            0.002872
                 146,            0.021571,            0.020064,           0.0062976,             0.70387,             0.49808,             0.52676,             0.40289,            0.024775,            0.052684,            0.015157,           0.0028225,           0.0028225,           0.0028225
                 147,            0.021954,            0.020002,           0.0066086,              0.6899,             0.52745,             0.54223,             0.40992,             0.02479,            0.052663,            0.014847,            0.002773,            0.002773,            0.002773
                 148,            0.021706,            0.020171,           0.0065513,             0.61498,             0.51432,             0.53528,             0.40735,            0.024809,            0.052942,            0.015417,           0.0027235,           0.0027235,           0.0027235
                 149,            0.021443,            0.020204,           0.0063649,             0.56588,             0.54989,             0.53324,             0.40411,              0.0248,            0.052895,            0.015293,            0.002674,            0.002674,            0.002674
                 150,            0.021552,             0.02034,           0.0065885,             0.68458,             0.52306,             0.53597,             0.40469,            0.024746,             0.05279,            0.015337,           0.0026245,           0.0026245,           0.0026245
                 151,            0.021414,             0.02078,           0.0064173,             0.68288,             0.51019,             0.53182,             0.40551,            0.024785,             0.05302,            0.015134,            0.002575,            0.002575,            0.002575
                 152,            0.021437,            0.020174,           0.0063363,             0.70168,             0.49433,              0.5309,             0.40699,            0.024782,             0.05291,            0.014936,           0.0025255,           0.0025255,           0.0025255
                 153,            0.021458,            0.020134,           0.0064096,             0.71672,             0.50004,             0.52574,             0.40215,            0.024817,            0.052936,            0.015305,            0.002476,            0.002476,            0.002476
                 154,            0.021271,            0.019519,           0.0064892,             0.59099,              0.5347,             0.53088,             0.40681,            0.024826,            0.052835,            0.015041,           0.0024265,           0.0024265,           0.0024265
                 155,            0.021151,            0.019406,           0.0062239,             0.61742,             0.53112,             0.53401,             0.40848,            0.024856,            0.053189,            0.015112,            0.002377,            0.002377,            0.002377
                 156,            0.021308,            0.019931,           0.0063763,             0.62172,             0.53266,             0.53621,             0.40712,            0.024783,            0.052844,            0.015371,           0.0023275,           0.0023275,           0.0023275
                 157,            0.021237,            0.020044,           0.0064482,             0.59454,             0.53458,             0.52841,             0.40189,            0.024793,            0.052993,            0.015613,            0.002278,            0.002278,            0.002278
                 158,            0.021181,            0.019643,           0.0063011,             0.60872,              0.5429,             0.54449,             0.40921,            0.024786,            0.053063,            0.015381,           0.0022285,           0.0022285,           0.0022285
                 159,            0.020994,            0.019506,           0.0062427,              0.6016,             0.53936,             0.54436,             0.40919,            0.024782,            0.053341,            0.015388,            0.002179,            0.002179,            0.002179
                 160,            0.021135,            0.019546,           0.0063202,             0.59999,             0.54882,             0.54306,             0.40979,            0.024814,             0.05364,             0.01538,           0.0021295,           0.0021295,           0.0021295
                 161,            0.020883,            0.019655,           0.0062751,             0.71442,             0.49442,             0.54252,             0.40952,            0.024808,             0.05325,            0.015416,             0.00208,             0.00208,             0.00208
                 162,            0.020964,            0.019623,           0.0062225,             0.60261,             0.53688,              0.5456,               0.409,            0.024808,            0.053188,            0.015239,           0.0020305,           0.0020305,           0.0020305
                 163,            0.020718,            0.019282,           0.0062617,             0.60987,             0.52579,             0.54136,             0.40899,            0.024752,            0.052751,            0.015248,            0.001981,            0.001981,            0.001981
                 164,            0.020686,            0.019654,           0.0061849,             0.60894,             0.50851,             0.53792,             0.40966,            0.024758,            0.053306,            0.014854,           0.0019315,           0.0019315,           0.0019315
                 165,            0.020538,            0.019406,           0.0062247,             0.62662,             0.51409,             0.53854,             0.41178,              0.0248,            0.053562,            0.014707,            0.001882,            0.001882,            0.001882
                 166,            0.020497,            0.019186,           0.0060121,             0.60782,             0.52696,             0.53395,             0.41102,            0.024823,            0.053992,            0.014892,           0.0018325,           0.0018325,           0.0018325
                 167,            0.020605,            0.019331,           0.0061078,             0.63439,             0.47777,             0.53198,             0.40843,            0.024818,            0.054029,            0.015126,            0.001783,            0.001783,            0.001783
                 168,            0.020659,            0.019349,           0.0061568,             0.64177,             0.47141,             0.53062,             0.40711,            0.024757,            0.053805,            0.015329,           0.0017335,           0.0017335,           0.0017335
                 169,            0.020376,            0.018969,           0.0062137,             0.71168,             0.47431,             0.52728,             0.40705,            0.024798,            0.053863,            0.015298,            0.001684,            0.001684,            0.001684
                 170,            0.020626,            0.019439,           0.0061638,             0.71053,             0.47406,             0.52733,             0.40615,            0.024768,            0.053806,            0.015205,           0.0016345,           0.0016345,           0.0016345
                 171,            0.020387,            0.018756,           0.0060283,             0.73223,             0.48596,              0.5364,             0.40488,             0.02471,            0.053406,             0.01543,            0.001585,            0.001585,            0.001585
                 172,            0.020525,            0.019235,           0.0061024,             0.73975,             0.48522,             0.53098,              0.4015,            0.024728,            0.053494,            0.015738,           0.0015355,           0.0015355,           0.0015355
                 173,            0.020411,            0.019086,           0.0059897,             0.71868,             0.47523,             0.52096,             0.40132,            0.024722,            0.053415,            0.015877,            0.001486,            0.001486,            0.001486
                 174,            0.020273,            0.018874,            0.006126,             0.59697,             0.49925,             0.52174,             0.40037,            0.024711,            0.053533,            0.016164,           0.0014365,           0.0014365,           0.0014365
                 175,            0.020318,            0.019192,           0.0060498,             0.66997,             0.50715,              0.5204,             0.39959,            0.024738,            0.053647,            0.015986,            0.001387,            0.001387,            0.001387
                 176,            0.020342,             0.01928,           0.0059344,             0.68791,             0.50611,             0.52153,             0.39995,            0.024733,            0.053815,            0.016027,           0.0013375,           0.0013375,           0.0013375
                 177,            0.020355,            0.018869,           0.0059383,             0.72226,             0.50325,             0.53128,             0.40051,            0.024682,            0.053457,             0.01602,            0.001288,            0.001288,            0.001288
                 178,            0.020455,            0.019006,           0.0061056,             0.73695,             0.48347,             0.53272,             0.40191,            0.024707,            0.053674,            0.016059,           0.0012385,           0.0012385,           0.0012385
                 179,            0.020154,            0.018867,           0.0058257,              0.6703,             0.48141,             0.53425,             0.40223,            0.024719,            0.053787,            0.016137,            0.001189,            0.001189,            0.001189
                 180,            0.020047,            0.018579,           0.0058453,             0.65775,               0.486,             0.53568,             0.40362,             0.02472,            0.053732,            0.016136,           0.0011395,           0.0011395,           0.0011395
                 181,            0.020331,            0.018804,           0.0060232,             0.73321,             0.47928,             0.53123,             0.40328,            0.024743,            0.053844,             0.01611,             0.00109,             0.00109,             0.00109
                 182,            0.020004,            0.018531,           0.0058948,             0.74891,             0.47455,             0.53176,             0.40324,            0.024738,            0.053753,            0.016035,           0.0010405,           0.0010405,           0.0010405
                 183,            0.020026,            0.018802,           0.0058648,             0.72598,             0.46938,             0.52539,             0.40207,            0.024754,            0.054031,            0.016058,            0.000991,            0.000991,            0.000991
                 184,            0.019951,             0.01868,            0.005995,             0.72092,             0.45801,             0.51719,             0.39739,            0.024785,            0.054215,            0.016258,           0.0009415,           0.0009415,           0.0009415
                 185,            0.020046,            0.018769,           0.0059746,             0.71667,             0.45992,             0.51599,             0.39752,            0.024798,            0.054219,            0.016279,            0.000892,            0.000892,            0.000892
                 186,            0.019979,            0.018647,           0.0058205,             0.71356,             0.46717,             0.51529,             0.39729,            0.024791,            0.054207,            0.016294,           0.0008425,           0.0008425,           0.0008425
                 187,            0.019961,            0.018879,           0.0058619,             0.71199,             0.46687,             0.51595,             0.39782,            0.024777,            0.054193,            0.016164,            0.000793,            0.000793,            0.000793
                 188,            0.019887,            0.018698,           0.0058014,             0.70902,             0.46907,             0.51848,             0.39891,            0.024783,            0.054326,            0.016252,           0.0007435,           0.0007435,           0.0007435
                 189,            0.019732,            0.018906,           0.0058185,              0.7093,             0.47208,             0.51691,             0.39784,            0.024786,            0.054334,            0.016428,            0.000694,            0.000694,            0.000694
                 190,            0.019804,            0.018632,             0.00594,             0.69853,              0.4744,             0.51932,             0.39724,            0.024789,            0.054337,            0.016647,           0.0006445,           0.0006445,           0.0006445
                 191,            0.019777,            0.018649,           0.0058396,             0.70499,             0.46674,             0.51648,             0.39598,            0.024807,             0.05444,            0.016663,            0.000595,            0.000595,            0.000595
                 192,            0.019632,            0.018377,           0.0058729,             0.70176,             0.46501,             0.51295,              0.3959,            0.024814,            0.054524,            0.016605,           0.0005455,           0.0005455,           0.0005455
                 193,            0.019799,            0.018604,           0.0059224,             0.69504,             0.46847,             0.51316,             0.39658,            0.024822,             0.05464,            0.016584,            0.000496,            0.000496,            0.000496
                 194,            0.019842,            0.018362,           0.0058448,             0.68909,             0.47109,             0.51126,             0.39669,            0.024835,            0.054708,            0.016617,           0.0004465,           0.0004465,           0.0004465
                 195,            0.019525,            0.018614,           0.0057035,             0.70026,             0.46972,              0.5137,             0.39681,            0.024839,            0.054674,             0.01667,            0.000397,            0.000397,            0.000397
                 196,            0.019636,             0.01834,           0.0058416,             0.69984,             0.47074,             0.51236,             0.39617,             0.02486,            0.054725,            0.016764,           0.0003475,           0.0003475,           0.0003475
                 197,            0.019613,             0.01844,           0.0058349,             0.70211,             0.46922,             0.51393,             0.39662,            0.024855,             0.05466,            0.016748,            0.000298,            0.000298,            0.000298
                 198,            0.019417,            0.018134,           0.0057807,              0.7014,             0.46973,             0.51361,             0.39734,            0.024862,            0.054681,            0.016767,           0.0002485,           0.0002485,           0.0002485
                 199,            0.019605,            0.018233,           0.0058332,              0.7164,             0.46574,             0.51705,             0.39799,            0.024866,            0.054719,            0.016742,            0.000199,            0.000199,            0.000199
